id,marca
E-94BC,honda
E-89CC,suzuki
E-28BB,ford
E-91AC,ford
E-58AC,suzuki
E-79CA,suzuki
E-02CA,seat
E-83CC,ford
E-47CC,seat
E-99BA,suzuki
E-39BB,honda
E-76BA,honda
E-48AA,mercedes
E-55CA,seat
E-09AA,ford
E-64AA,honda
E-37BC,ford
E-60BB,ford
E-18AC,tesla
E-86CC,ford
E-54BB,suzuki
E-53ACC,seat
E-48AC,ford
E-83CC,suzuki
E34BA,seat
E-44CA,ford
E-60BA,ford
E-04BC,ford
E-70BA,ford
E-28CB,seat
E-05CA,honda
E-60AC,suzuki
E-26AA,ford
E-36AC,suzuki
E-32CA,ford
E-27BC,honda
E-64CB,ford
E-38CB,ford
E-25BB,ford
E-95BB,honda
E-50CA,suzuki
E-74AC,seat
E-84CB,ford
E-79AA,ford
E-37AB,ford
E-78AC,seat
E-12BC,suzuki
E-40CA,seat
E-49BA,ford
E-19AB,honda
E-22BC,suzuki
E-44AA,ford
E-88AA,honda
E-89AC,suzuki
E-32AB,ford
E-13CA,seat
E-05AC,ford
E-08AB,ford
E-44AC,seat
E-26CA,suzuki
E-64BB,seat
E-76CA,ford
E-27AB,honda
E-86AC,ford
E-82CA,seat
E-44BA,honda
E-41AB,ford
E-66CA,seat
E-53CB,ford
E-04CC,suzuki
E-88BB,ford
E-37CB,honda
E-69BC,seat
E-80AC,seat
E-65BA,seat
E-71CA,seat
E-79CB,suzuki
E-27AA,ford
E-14CA,seat
E-78BC,honda
E-93AA,suzuki
E-16AB,seat
E-36AB,suzuki
E-25AB,honda
E-08AB,suzuki
E-54AC,suzuki
E-30BB,honda
E-28BB,ford
E-12AA,honda
E-22CA,ford
E-37AA,seat
E-53BC,suzuki
E-13CC,seat
E-49AB,honda
E-03AB,honda
E-40BB,ford
E-25CA,seat
E-46AC,suzuki
E-89AB,suzuki
E-82AB,suzuki
E-70CC,seat
E-14BA,seat
E-38BA,honda
E-20BC,honda
E-17BA,ford
E-42BC,honda
E-67BB,seat
E-39CB,seat
E-36AA,ford
E-18AC,honda
E-84AC,ford
E-50CB,honda
E-55BA,ford
E-92AC,suzuki
E-76CB,ford
E-65BA,ford
E-45BB,ford
E-87BB,seat
E-72BC,ford
E-34CB,seat
E-19AB,ford
E-48BA,honda
E-40CA,ford
E-99AB,ford
E-63CB,honda
E-97CB,honda
E-56BA,suzuki
E-85BC,seat
E-19CA,ford
E-72CA,seat
E-26CC,honda
E-61CB,seat
E-95BC,ford
E-40CC,honda
E-41BA,seat
E-49AA,honda
E-28BB,honda
E-77CB,seat
E-91AB,honda
E-96BB,ford
E-05BC,honda
E-63AA,suzuki
E-73AC,seat
E-96AB,seat
E-38CC,ford
E-73CA,seat
E-51CC,seat
E-84BC,suzuki
E-27BA,seat
E-61BA,suzuki
E-55BB,honda
E-66AA,suzuki
E-87CA,ford
E-74CA,seat
E-29AC,honda
E-51AB,honda
E-24AC,suzuki
E-23BB,seat
E-66AB,suzuki
E-46BB,seat
E-84BB,suzuki
E-93CB,seat
E-56AC,ford
E-06CC,seat
E-02CA,ford
E-99AC,suzuki
E-78CA,suzuki
E-91AB,suzuki
E-49CC,suzuki
E-08BC,honda
E-79CB,suzuki
E-57CB,seat
E-45CA,honda
E-16AB,seat
E-87AC,honda
E-79AC,seat
E-67AA,ford
E-92CA,ford
E-31BC,suzuki
E-19CB,suzuki
E-86BB,seat
E-80AC,seat
E-73AB,honda
E-02CC,ford
E-36AC,seat
E-99AB,suzuki
E-96CC,suzuki
E-97AC,ford
E-52BB,honda
E-78CB,seat
E-32AC,suzuki
E-54CA,ford
E-81AA,seat
E-60AA,suzuki
E-17CA,honda
E-04AB,seat
E-42AC,ford
E-36CA,ford
E-21BC,seat
E-47AB,seat
E-71BA,seat
E-68CC,seat
E-96CA,suzuki
E-79CB,seat
E-56BA,suzuki
E-12CA,seat
E-50BA,suzuki
E-19BC,ford
E-51AA,ford
E-41BB,suzuki
E-05CC,seat
E-03AC,suzuki
E-20AA,seat
E-16AB,suzuki
E-40CB,ford
E-66CB,ford
E-94CB,honda
E-08AB,ford
E-42BB,honda
E-36CB,seat
E-34BB,seat
E-66BB,suzuki
E-29BB,suzuki
E-08BB,seat
E-81BB,seat
E-80AC,ford
E-79CB,suzuki
E-37AB,seat
E-62AB,ford
E-89CA,ford
E-36BC,ford
E-83AA,suzuki
E-57AC,seat
E-13BA,honda
E-79CC,suzuki
E-91CC,ford
E-39AA,suzuki
E-97CA,seat
E-65AB,seat
E-65BB,ford
E-06BB,ford
E-12BA,seat
E-12AA,suzuki
E-32CB,ford
E-12CB,seat
E-11AB,seat
E-53AC,seat
E-59AC,suzuki
E-22AA,honda
E-54AA,ford
E-67AC,honda
E-47CA,ford
E-84AC,ford
E-45AB,ford
E-60CC,seat
E-11AC,suzuki
E-29BC,seat
E-97CB,seat
E-48BB,honda
E-76AB,suzuki
E-63CA,suzuki
E-48AB,suzuki
E-08AC,suzuki
E-66BA,seat
E-26BB,suzuki
E-59BB,ford
E-92AB,seat
E-20CC,ford
E-57AC,honda
E-82CA,seat
E-77AA,ford
E-67AB,suzuki
E-18CB,seat
E-05BC,honda
E-18CA,suzuki
E-20AA,seat
E-46AC,honda
E-01AA,honda
E-09CB,ford
E-54CA,seat
E-48CC,seat
E-05BC,ford
E-39BC,ford
E-22BA,honda
E-44BA,honda
E-42CB,honda
E-48CA,suzuki
E-39AA,ford
E-01AB,seat
E-76AC,ford
E-12AA,ford
E-70AC,suzuki
E-31AB,ford
E-38BB,seat
E-45BC,honda
E-67AB,ford
E-09BB,seat
E-30CC,suzuki
E-02CA,honda
E-32AC,seat
E-39CC,suzuki
E-11BB,suzuki
E-55BA,ford
E-01CA,suzuki
E-50BC,honda
E-73BB,suzuki
E-65BA,ford
E-13AA,seat
E-65BB,seat
E-44CC,ford
E-93AA,honda
E-22BC,ford
E-60CC,honda
E-84CB,seat
E-25AA,suzuki
E-98CA,suzuki
E-67AC,ford
E-68CC,suzuki
E-41BC,honda
E-83CB,ford
E-24CC,honda
E-22BC,ford
E-85CA,honda
E-66BB,seat
E-65CB,seat
E-47BA,seat
E-66AC,seat
E-99AA,seat
E-34BC,honda
E-24AB,ford
E-51CA,suzuki
E-97BA,honda
E-50CA,seat
E-81BA,ford
E-16BB,honda
E-39BC,honda
E-23AB,seat
E-19CC,ford
E-75AC,honda
E-57BA,seat
E-93BA,seat
E-38AC,suzuki
E-17AC,honda
E-77AA,honda
E-25BB,suzuki
E-04BB,suzuki
E-09BB,honda
E-35CA,suzuki
E-21BB,seat
E-89CC,seat
E-79AC,seat
E-22AB,seat
E-84AB,honda
E-97BC,ford
E-52CB,honda
E-37BB,ford
E-46CB,seat
E-67AB,ford
E-94BB,honda
E-79CB,ford
E-20CB,seat
E-62AA,honda
E-77BA,honda
E-03CC,suzuki
E-49AC,ford
E-99CB,honda
E-23AC,honda
E-38BC,honda
E-01CA,suzuki
E-84CB,ford
E-89AB,ford
E-27BC,honda
E-15BB,ford
E-85CB,suzuki
E-78AA,suzuki
E-60BC,suzuki
E-46BB,seat
E-78AB,honda
E-59CA,suzuki
E-92AA,suzuki
E-15CA,honda
E-41CA,ford
E-26AA,ford
E-82BC,honda
E-30BA,ford
E-13CA,suzuki
E-92AC,ford
E-64CB,honda
E-04BB,suzuki
E-94BB,ford
E-09AA,seat
E-73BB,honda
E-77CB,honda
E-51CA,suzuki
E-95BA,seat
E-64CA,ford
E-76BB,suzuki
E-99AB,honda
E-41AB,seat
E-38AB,seat
E-57BB,suzuki
E-70BC,suzuki
E-02CA,ford
E-72BC,suzuki
E-39BC,seat
E-12CB,ford
E-86BA,suzuki
E-14AC,seat
E-34CA,suzuki
E-43AA,ford
E-21AA,ford
E-93BB,ford
E-88AC,honda
E-74AC,ford
E-47CB,honda
E-65CA,suzuki
E-97BC,honda
E-28BB,ford
E-96BA,honda
E-34BC,suzuki
E-37CB,seat
E-74CB,suzuki
E-79CB,suzuki
E-34CC,ford
E-24CA,seat
E-24AA,seat
E-14CC,suzuki
E-62CB,suzuki
E-96AB,suzuki
E-14AB,ford
E-84BA,honda
E-90AC,ford
E-41CA,ford
E-54AA,suzuki
E-05BC,seat
E-23AC,honda
E-81AC,honda
E-47AC,suzuki
E-83CB,honda
E-17AA,ford
E-57BB,seat
E-40BB,ford
E-87AA,honda
E-24CA,seat
E-88CC,ford
E-89BA,suzuki
E-94BC,seat
E-65BC,honda
E-04BB,seat
E-81AC,seat
E-34CC,suzuki
E-33AC,ford
E-17CA,seat
E-79CC,seat
E-92CC,suzuki
E-91BC,seat
E-23AC,suzuki
E-27BA,ford
E-83CB,ford
E-03AC,honda
E-13BB,seat
E-63BA,seat
E-44BC,ford
E-84AC,honda
E-73CB,suzuki
E-43AC,seat
E-34BC,honda
E-15CA,suzuki
E-71CA,seat
E-32CC,suzuki
E-81AC,suzuki
E-86BB,ford
E-08AB,ford
E-80BA,ford
E-25AA,seat
E-02CC,ford
E-40BC,honda
E-04AB,suzuki
E-41BC,honda
E-00AB,ford
E-05AA,suzuki
E-78BB,seat
E-26CA,suzuki
E-88AC,honda
E-11AA,seat
E-06AA,honda
E-93CA,seat
E-53CA,seat
E-79CB,honda
E-16AA,honda
E-19AC,suzuki
E-03AC,suzuki
E-89BC,honda
E-33CA,ford
E-46AC,seat
E-37AA,seat
E-61CC,suzuki
E-33BA,seat
E-17CA,suzuki
E-36CB,seat
E-58AC,suzuki
E-57CA,honda
E-32BA,ford
E-79AA,honda
E-49BC,seat
E-98CC,seat
E-01AA,ford
E-33AB,honda
E-48CA,honda
E-24BC,ford
E-74AA,seat
E-73BC,ford
E-83AA,seat
E-80CC,ford
E-80BB,seat
E-57CC,honda
E-73CB,suzuki
E-57AC,suzuki
E-01AB,suzuki
E-82AA,ford
E-30BC,ford
E-76AA,ford
E-20AA,ford
E-32BC,suzuki
E-99AA,honda
E-91CB,honda
E-35CA,seat
E-05BC,seat
E-61CA,suzuki
E-35AA,honda
E-05AC,honda
E-23CA,suzuki
E-48CB,honda
E-72CC,suzuki
E-63AB,ford
E-37AC,ford
E-70AB,honda
E-02CC,suzuki
E-51CA,suzuki
E-32CB,suzuki
E-55AA,ford
E-31CA,ford
E-62BA,ford
E-97CA,honda
E-55CC,ford
E-64CA,seat
E-79CB,ford
E-32AC,honda
E-21CA,honda
E-43AB,ford
E-81AC,honda
E-02AA,honda
E-52BB,honda
E-57AA,ford
E-39BA,seat
E-25CC,seat
E-35CC,ford
E-38BB,seat
E-99AB,honda
E-66AC,suzuki
E-02AA,suzuki
E-64AB,ford
E-49AB,seat
E-51CB,suzuki
E-33AC,seat
E-31CC,seat
E-53BB,honda
E-95BC,suzuki
E-06CB,seat
E-24AA,honda
E-51BA,suzuki
E-73BB,seat
E-40CC,seat
E-88AB,ford
E-83CC,honda
E-20CC,seat
E-99BB,suzuki
E-97BA,seat
E-20CC,honda
E-62BB,ford
E-39BA,suzuki
E-33BB,suzuki
E-44AB,honda
E-26CA,seat
E-70AC,suzuki
E-46AA,seat
E-46BA,seat
E-39AC,honda
E-50CA,suzuki
E-93AB,seat
E-50CA,suzuki
E-94CB,suzuki
E-61AC,honda
E-71BA,seat
E-25BA,seat
E-88AC,seat
E-29CA,seat
E-98AB,honda
E-87AA,seat
E-46BB,ford
E-74CC,honda
E-48CA,seat
E-68BC,seat
E-67BB,seat
E-10CA,suzuki
E-90BA,seat
E-74BC,suzuki
E-81AA,ford
E-61BA,honda
E-32BC,ford
E-64BA,suzuki
E-40BA,suzuki
E-62CC,seat
E-51BC,ford
E-15BC,suzuki
E-60AB,suzuki
E-08BA,honda
E-69AA,seat
E-15BC,suzuki
E-35CC,honda
E-95AB,seat
E-06CB,honda
E-61BA,ford
E-46AB,honda
E-84AB,suzuki
E-12BA,honda
E-82CC,seat
E-77CC,ford
E-03CB,ford
E-93BB,suzuki
E-05CA,seat
E-36AC,ford
E-96BB,suzuki
E-92BC,ford
E-84CA,suzuki
E-75CC,suzuki
E-64AB,seat
E-50BC,suzuki
E-74AA,honda
E-98BC,suzuki
E-61AA,seat
E-21AC,seat
E-85BB,honda
E-63BC,ford
E-26CC,honda
E-44BC,ford
E-25AA,ford
E-31BB,ford
E-54AC,honda
E-50BC,honda
E-95AB,ford
E-30AC,seat
E-88AA,suzuki
E-92BC,honda
E-26BC,suzuki
E-14AB,suzuki
E-60BC,seat
E-43AC,ford
E-01BC,honda
E-39CC,suzuki
E-74CC,honda
E-27AB,suzuki
E-08AC,honda
E-70BA,honda
E-76AA,honda
E-92BB,honda
E-93BC,ford
E-00CA,honda
E-44AB,ford
E-38BC,honda
E-82BC,seat
E-22CB,honda
E-76AA,seat
E-52BA,suzuki
E-22BA,ford
E-58BC,seat
E-57BA,honda
E-23AC,seat
E-35CB,seat
E-83BB,suzuki
E-98AB,ford
E-31AB,suzuki
E-14BC,ford
E-36AC,seat
E-46CB,ford
E-67BC,honda
E-74AB,honda
E-58AC,suzuki
E-10AB,ford
E-53BB,ford
E-07BB,honda
E-45AA,suzuki
E-50AA,honda
E-95AC,suzuki
E-07AA,suzuki
E-81AC,ford
E-00AB,suzuki
E-07AA,ford
E-32BB,ford
E-92AA,honda
E-88CB,honda
E-64CC,seat
E-66AA,suzuki
E-40BC,honda
E-58CA,ford
E-31AB,seat
E-83BC,seat
E-70BB,suzuki
E-85AA,ford
E-05BA,seat
E-46AC,suzuki
E-99CB,honda
E-73BB,seat
E-80AC,suzuki
E-45CC,suzuki
E-98AA,seat
E-95AB,honda
E-13BA,ford
E-47BC,seat
E-11BA,suzuki
E-37CC,seat
E-88CC,seat
E-33AC,suzuki
E-98CB,ford
E-57AC,ford
E-60AA,ford
E-23AC,ford
E-23AB,suzuki
E-97AC,suzuki
E-03CC,honda
E-91CA,seat
E-36AA,seat
E-45BC,honda
E-41CA,ford
E-43BB,honda
E-00CC,suzuki
E-69BB,suzuki
E-03CC,honda
E-98CC,seat
E-44CB,honda
E-82CB,suzuki
E-38AB,honda
E-91CC,seat
E-79AB,seat
E-50AA,ford
E-04AA,honda
E-75AC,ford
E-30BA,honda
E-95AB,honda
E-89AC,seat
E-12AA,suzuki
E-06BB,seat
E-78CC,ford
E-76CC,seat
E-65BB,seat
E-04BA,suzuki
E-01AB,ford
E-04CB,honda
E-84AC,honda
E-80AC,honda
E-27AC,ford
E-26CB,suzuki
E-28BB,seat
E-69BB,seat
E-16AA,ford
E-37BB,seat
E-08AA,suzuki
E-69AB,suzuki
E-03AC,honda
E-87AC,suzuki
E-30AA,honda
E-01BA,ford
E-44BB,seat
E-82BB,suzuki
E-15BC,honda
E-58AC,ford
E-97AA,suzuki
E-58CB,ford
E-68BA,ford
E-21AC,suzuki
E-80AB,seat
E-45AC,suzuki
E-31BC,seat
E-80CC,ford
E-32AA,honda
E-46AA,seat
E-38CC,seat
E-68BC,seat
E-00AA,seat
E-97AC,ford
E-86AB,ford
E-68BA,suzuki
E-03CB,suzuki
E-94AB,suzuki
E-13BA,honda
E-48BB,suzuki
E-47BC,ford
E-49AA,seat
E-30CB,ford
E-72AA,seat
E-86BA,ford
E-68AA,seat
E-84CA,honda
E-12BA,suzuki
E-63BA,ford
E-42BB,suzuki
E-28BC,honda
E-92AA,suzuki
E-24AB,honda
E-91BC,suzuki
E-88AA,suzuki
E-36BB,ford
E-95AC,suzuki
E-78BB,seat
E-25BB,honda
E-12AA,suzuki
E-91BA,suzuki
E-11BA,honda
E-71AC,honda
E-51CB,seat
E-39AA,suzuki
E-13CA,ford
E-09BC,ford
E-90BB,suzuki
E-69CC,seat
E-77BC,suzuki
E-31AC,honda
E-67BA,seat
E-55BC,honda
E-43AC,suzuki
E-93CA,ford
E-51BB,suzuki
E-85AB,ford
E-76BC,suzuki
E-43CB,suzuki
E-29AA,ford
E-16CA,honda
E-50AB,honda
E-30AC,honda
E-47BA,suzuki
E-08AC,suzuki
E-06BA,ford
E-98CB,ford
E-40AC,honda
E-28AC,seat
E-27CA,honda
E-24CA,seat
E-02AA,seat
E-38BA,seat
E-34BB,honda
E-98BB,ford
E-65BC,suzuki
E-28BC,honda
E-86BC,ford
E-93BC,seat
E-90CC,honda
E-07AC,ford
E-58AA,seat
E-67BB,seat
E-76BC,honda
E-31BA,seat
E-26AA,seat
E-21AB,honda
E-35AB,suzuki
E-65AB,suzuki
E-41BA,seat
E-99AC,ford
E-13BC,ford
E-03CA,ford
E-05BA,suzuki
E-62AB,honda
E-55BA,suzuki
E-76CA,ford
E-47AC,seat
E-19AB,ford
E-14CA,seat
E-96BB,suzuki
E-73AA,ford
E-48BA,ford
E-86CB,suzuki
E-67CB,honda
E-45CA,seat
E-90BB,suzuki
E-54CB,ford
E-35BA,seat
E-23CC,suzuki
E-86BC,seat
E-95AB,suzuki
E-24CB,seat
E-40BB,seat
E-42CB,suzuki
E-37CB,ford
E-63CB,ford
E-44CB,honda
E-80BA,honda
E-63BC,suzuki
E-16AA,suzuki
E-04AB,suzuki
E-25BA,seat
E-69CB,suzuki
E-22CA,honda
E-50AA,ford
E-07BC,seat
E-72CC,suzuki
E-39AA,suzuki
E-52AC,honda
E-78CC,seat
E-74CB,seat
E-86CC,honda
E-18CC,honda
E-73AA,suzuki
E-19AB,honda
E-11CA,seat
E-33AB,suzuki
E-20CC,ford
E-72BB,ford
E-26AB,suzuki
E-97BB,ford
E-18AC,honda
E-01AA,honda
E-85CB,seat
E-86CA,ford
E-66BC,honda
E-73CC,suzuki
E-02BB,seat
E-78CC,ford
E-69BC,suzuki
E-28BC,suzuki
E-80AB,seat
E-04CA,honda
E-60CA,ford
E-43CA,seat
E-39CA,seat
E-14AC,ford
E-60CB,ford
E-18CA,suzuki
E-01BC,seat
E-68BB,suzuki
E-20BB,ford
E-51BA,honda
E-50AA,suzuki
E-97AA,honda
E-00BB,seat
E-15BB,honda
E-08CA,suzuki
E-07BA,ford
E-46CC,ford
E-77CB,ford
E-86BB,suzuki
E-17AC,honda
E-01BB,honda
E-73AB,seat
E-07CB,seat
E-71BA,suzuki
E-11CA,suzuki
E-19CA,suzuki
E-96BB,honda
E-38BB,honda
E-91CA,ford
E-28AC,ford
E-04CA,suzuki
E-19AC,ford
E-03AC,ford
E-91AA,suzuki
E-40BB,ford
E-29BA,ford
E-21CA,suzuki
E-88CC,suzuki
E-72CC,seat
E-55BC,seat
E-77BA,seat
E-39CC,suzuki
E-99BA,seat
E-43CB,suzuki
E-20AB,honda
E-18AA,honda
E-78BA,seat
E-14AC,suzuki
E-02BA,honda
E-76AB,ford
E-71AA,suzuki
E-19CA,seat
E-32BB,suzuki
E-34CC,seat
E-87CB,seat
E-51CB,suzuki
E-34CB,honda
E-09BA,honda
E-52AC,seat
E-28AB,seat
E-58BA,honda
E-64AA,honda
E-10BA,ford
E-07AB,suzuki
E-42BC,seat
E-24BA,ford
E-17AC,honda
E-92CB,suzuki
E-77BA,ford
E-23BA,seat
